ntd_id,service_area_sq_miles,service_area_pop
00036,,
10098,4315,228910
20190,776,3658455
20220,7,100344
31029,525,122822
40160,46,35159
41004,,
50029,442,103856
50092,70,128191
50239,,
50274,,
50291,,
50558,400,500000
55363,,
55651,,
55674,,
60272,,
66206,,
70067,,
77075,,
80159,,
80223,,
90018,,
90312,,
70060,,
31006,,
40903,,
00285,,
70112,,
55368,,
41095,,
91122,9189,1080300
90148,327,344288
50559,17,14340
11168,,
50456,,
80211,,
40173,2287,1664637
60014,67,181860
50260,63,200169
55432,,
66274,,
50347,,
30571,,
90088,45,138000
41080,1588,419510
50420,,
20006,13,33275
90311,730,151128
00386,,
A0002,,
55603,,
50017,274,559062
44984,,
70226,,
70244,,
40103,2972,253798
77082,,
00323,,
77076,,
66331,,
70008,78,158890
50403,,
60226,,
55333,,
91047,,
66000,,
55536,,
60202,878,753363
70193,,
22929,,
50530,4,12000
41186,,
11161,,
55444,,
99467,,
50098,20,32075
40222,861,1072203
40926,,
10179,25,42312
30209,19,19163
41089,,
09R03,,
80228,,
60051,846,339048
40904,,
09R01,,
55637,,
50231,,
91064,,
90034,59,248267
30010,324,533100
55657,,
80288,,
80178,,
80261,,
41158,,
40994,,
60185,725,159990
20978,,
88297,,
06R03,,
88280,,
40968,,
00001,2134,2347800
50006,27,112100
70275,252,777341
40129,231,186847
30079,242,113716
31032,,
55595,,
50205,26,60206
60147,,
60138,10115,295718
00309,,
50519,139,318108
70211,,
50524,101,259680
41192,,
55395,,
22932,,
70179,,
80011,54,170376
55663,,
66164,,
55517,,
20195,322,302294
41012,,
00427,,
50040,146,275473
30019,830,3511062
44974,,
70247,,
88122,4400,34044
30119,,
40105,892,2478905
60104,81,80650
41048,,
70122,,
66339,121697,2117522
50569,7,1500
50342,818,233398
00345,,
66322,,
31049,,
40051,62,80218
50199,443,231636
60017,283,783134
04R01,,
10056,133,281327
70145,,
90131,36,159329
41140,,
91100,,
50487,,
90168,43,162674
80280,,
80114,,
80131,,
A0027,,
60269,23,71569
50390,,
91043,,
55584,,
90208,186,165947
55317,,
41034,,
88213,,
90029,466,1556579
50337,,
50361,,
10143,,
50542,25,86003
60125,67,173490
70177,,
40071,68,143441
41146,,
90225,127,345375
50514,,
90232,65,149236
60208,,
00006,33,100716
55443,,
40256,9,59100
50034,702,160731
20945,,
00359,,
66303,,
70213,,
50564,5,21000
66336,,
99370,,
44954,,
20098,226,3278376
50167,599,247720
40268,66,16513
20934,,
31018,,
30001,902,178281
80112,,
60168,,
55566,,
99443,,
50500,,
30185,33,61634
55404,,
10045,13,73941
31043,,
50219,,
00R03,,
30142,,
50384,,
41103,,
40239,16,86772
44989,,
50440,,
50452,,
00012,77,291247
70107,,
55418,,
41153,,
55560,,
50366,,
55376,,
55307,,
20126,90,187257
20122,468,1455245
00119,,
55357,,
44949,,
90062,163,430723
90247,8,83089
55523,,
50225,,
30042,70,48220
60232,,
30074,527,263867
00392,,
90306,1515,550660
55451,,
60002,,
22960,,
70091,,
44980,,
60206,800,184904
70257,,
40032,1207,590357
80204,149,426230
50179,418,170389
70019,30,79240
80185,,
60007,350,927285
90275,16,27897
20986,,
40180,14,119648
50246,,
80257,,
90144,40,236690
50158,12,66641
40015,61,143709
60099,49,129877
60193,,
55529,,
50268,,
40081,15,27293
40933,,
55342,,
90016,124,836630
A0019,,
40973,,
41134,,
60145,,
99423,39,224807
11146,,
60241,,
30053,13,17219
00408,,
70041,15,54445
50463,,
50054,27,84832
40953,,
80008,35,68224
50407,,
31036,5004,151638
90011,,
40197,62,30753
00433,,
41176,,
50025,91,119100
55512,,
80277,,
40910,,
00447,,
55631,,
70128,,
77090,,
41043,,
90287,22,64272
60246,358,546458
80183,,
60091,8455,570189
80274,,
50110,21,86987
44938,298,297811
91018,,
88284,,
55554,,
00053,388,21188
70140,,
50322,,
50549,22,57074
40137,45,180835
50388,,
40026,743,439566
60208,,
40215,633,238267
20206,285,1382283
00027,,
41007,,
40275,5,44784
41111,,
10102,171,448608
55312,1,12954
60208,,
60117,,
55352,,
55347,,
60101,147,539422
99477,,
50278,,
55246,,
50315,,
10133,460,530013
66194,,
55439,,
50428,,
10159,,
70074,35,76000
30092,448,172891
50286,,
08R06,,
88146,,
80139,,
60274,63,146593
99268,,
50495,,
60163,,
91119,,
20928,149,386046
55577,,
70013,51,108519
00045,7338,95356
60068,81,196100
50482,,
50163,683,183201
55416,,
88218,,
80148,,
50061,53,74746
55322,,
50435,,
00028,233,925708
50146,189,232298
99460,,
60024,61,275213
31014,,
10004,86,255876
90198,49,75691
20148,132,249175
55327,,
00085,,
41123,,
50345,,
40043,179,243800
50195,6,9282
00017,,
55423,,
90045,396,2265461
70271,2,11953
30099,9,28136
55565,,
50374,,
90300,2,16736
91111,,
60190,,
60236,,
00445,,
90260,10,96803
55528,,
50209,368,864447
90218,2100,1975619
40037,1702,1492191
77079,,
40141,298,361128
70199,,
91006,,
20076,450,1004457
22969,,
60006,234,772374
00339,,
90271,8,126496
60077,41,85627
80290,,
50250,,
80200,,
55671,,
50162,13,22510
70129,,
30127,,
50240,,
30198,73,94324
40210,,
50470,,
70204,,
40937,,
40019,267,369154
40092,105,135471
40165,27,38155
00368,,
11156,,
90239,152,45308
55606,,
50229,,
50184,45,90852
70092,,
50550,33,6893
50404,,
88302,,
80270,,
55615,,
A0015,,
40957,,
11239,394,210049
50019,20,51673
60198,,
80236,,
70003,95,186106
00460,,
50411,,
41129,,
44944,,
40978,,
90006,445,271352
80004,45,117116
30058,6,22565
20962,293,694394
00412,,
90266,19,52558
50515,5,65425
80168,,
60102,15355,162152
40183,71,38926
90253,2,42889
40918,,
30085,487,967201
55573,,
90276,5,86883
30998,,
40229,39,41922
60034,31,39123
50304,,
99447,,
70069,19,22322
80143,,
41166,,
50474,,
00452,,
00023,83,753655
44959,,
50119,234,1051084
60250,,
88288,275,515853
50235,,
55417,,
20211,226,381671
99471,,
40253,24,134394
60032,103,487524
91027,,
50432,,
00059,80,48000
55308,64,12834
41003,,
00314,,
80025,46,79352
30170,668,296066
50274,,
50545,2,18789
41060,798,1001311
10088,111,68404
40121,11,15654
55469,,
60088,94,440781
50334,,
40271,1289,2889349
20204,222,508932
42000,498,1354871
90156,28,47063
10170,,
60113,725,171361
00407,,
50541,20,4100
88170,,
90294,2,36854
05R03,,
70054,998,126292
60214,,
55343,,
10105,394,228996
55542,,
20944,567,253000
70238,,
55592,,
50448,,
00127,,
10154,,
50282,724,160248
60157,,
00299,,
60010,144,268416
55550,,
99438,,
80122,,
88222,,
41181,,
10008,627,582689
50091,19,39994
00033,2087,827957
99316,,
80220,,
60208,,
70084,,
70135,,
03R06,,
50444,,
70155,3253,467570
50353,,
20992,,
40946,,
90092,48,120768
60133,5,19942
22952,,
00421,,
50414,,
50213,6,21738
40097,572,373486
55367,,
91075,,
70268,,
55428,,
60220,,
40146,89,119384
66323,,
55587,,
00439,,
50398,,
66268,,
30132,,
50295,,
20938,,
09R08,,
91057,,
41102,,
41191,,
A0010,,
55332,,
10161,,
80248,,
20084,174,348144
70188,,
90191,35,49372
50356,,
80209,,
70153,,
30202,1800,949401
50256,1046,199332
02R02,,
31007,,
55390,,
22941,,
44948,,
40205,618,203546
55668,,
55675,,
66346,,
00331,,
07R02,,
55609,,
60180,,
00360,,
30006,367,636200
44966,,
40960,,
70222,,
50310,700,163040
41074,,
11162,,
30109,41,48284
70183,,
55383,,
88230,,
60231,,
60152,,
88292,,
40170,24,66333
00304,,
50554,36,119040
11173,,
41001,,
91045,,
50010,420,541013
50188,,
66140,,
41118,1897,897759
40187,39,73334
60208,,
40922,,
22930,13,576545
30157,,
80302,27,50949
41020,,
40114,10,38136
00400,,
55646,,
60262,,
44985,,
20177,10702,21962125
40003,254,627200
80015,,
80188,,
60109,127,277929
50302,,
10066,2079,292211
90094,6900,7100000
99340,,
70212,,
99451,,
50044,123,279469
00207,,
30991,,
60041,199,400032
40265,43,70436
40008,675,1329749
70101,,
40056,3563,335620
04R05,,
50395,,
80264,,
10115,3706,1431087
40987,,
40249,5,39500
60023,43,73474
88188,,
55569,,
41145,,
88217,,
20951,,
44919,,
00377,,
55321,,
80172,,
40125,4,176762
80019,56,103265
50328,,
91036,,
20176,75,4724
50492,,
70014,58,127473
00310,,
50274,,
00378,,
31025,,
60208,,
41039,,
91101,,
70164,,
20199,556,274966
50274,,
41028,,
91089,,
70217,,
90162,225,333700
50377,,
00347,,
66320,,
91000,,
08R03,,
50341,,
60129,78,113912
50030,73,87735
91096,,
00002,248,475470
55240,,
41185,,
55410,,
00R02,,
50109,16,37137
10016,71,109535
40225,102,171415
80127,,
70050,6,19687
50485,,
22977,,
30030,1108,4645915
10148,,
00294,,
90282,25,10654
70116,3253,467570
55409,,
01R03,,
90023,108,927284
99475,,
60175,,
50536,9,10798
91016,,
10142,,
55353,,
41148,55,64655
55270,,
60208,,
10114,95,81400
50035,580,262215
06R02,,
20950,251,96304
00007,482,327173
40942,,
09R02,,
00199,,
20099,59,490687
00348,,
30002,92,144339
40969,,
20933,222,508932
A0029,,
70116,,
31044,,
80254,2882,2401378
10048,664,851535
30035,27,57416
55401,,
90010,103,606911
50385,,
31026,,
30070,348,482204
40155,600,273425
90172,,
40947,,
00304,,
50220,,
50028,29,112910
80012,20,64735
70062,,
44969,,
40104,223,167352
66341,189,130674
40174,54,37679
50262,,
20100,2967,11170342
60247,,
50421,,
60093,73,83469
55422,,
66273,,
55555,,
90302,2953,2181433
04R04,,
20008,321,8258035
50226,,
30044,1028,364663
70146,,
70227,,
70245,,
90164,28,209877
00325,,
41139,,
55452,,
80284,,
90121,1200,349050
91070,,
90209,47,500031
55537,,
A0023,,
40031,1798,818330
60003,,
80115,,
60266,,
91037,28,41348
60207,,
55337,,
41112,,
55446,,
40161,422,266620
41125,,
44979,,
50177,28,50474
80193,,
90227,12,35975
90027,154,591531
10181,25,51875
90268,15,191126
70194,,
80153,,
50316,,
60056,698,2530800
55437,,
40928,1590,253507
40988,,
50056,105,240110
40905,,
40080,54,55442
41171,,
90043,11,12997
80179,,
90298,4,13987
40192,65,159942
50269,,
88298,,
11164,,
91097,,
70178,,
41076,,
40130,70,153691
41104,,
40983,,
88239,,
50483,,
90035,77,374827
50274,,
50553,91,95382
70208,,
50148,700,159874
10134,7935,171467
10007,384,127500
44929,17,182760
40240,2,10587
50543,36,155000
50001,117,281797
00031,,
55382,,
70010,616,534049
00046,80,73800
50047,46,131416
30147,,
70043,36,43228
00415,1664,732500
50457,,
55518,,
40186,62,152769
30088,458,170102
55370,,
20163,250,527906
50441,,
10122,1151,2833139
00286,,
20214,101,32027
00456,,
20194,,
40009,95,164400
30987,,
90061,813,160271
20223,1187,332641
55604,,
10055,456,531314
40145,30,16053
00024,143,457472
55318,,
70046,78,116830
50292,,
00385,,
00271,,
60227,74,51308
00422,,
40181,324,260754
70009,26,101724
A0003,4632,10287086
80161,,
40049,37,61709
88215,,
80132,,
00040,1089,3385200
50099,28,82610
60208,,
60018,249,511352
50531,40,27997
00313,,
50363,,
40936,,
20977,,
80201,,
80233,,
60121,,
05R04,,
40223,658,329403
91009,,
30093,46,82286
22938,,
99464,,
41090,773,628594
09R06,,
55633,,
55252,,
00461,,
20002,474,802663
50285,,
90146,327,1515836
90223,190,1578938
60100,306,97332
30205,251,321113
80184,,
80258,,
60164,0,0
88305,,
40269,39,26161
40228,524,1163701
90214,13,67233
50525,402,356650
70277,717,229033
99286,,
20926,,
91120,,
00319,,
10175,,
50005,130,363017
99463,,
60140,,
60025,28,59659
50207,36,42663
31031,,
55397,,
50406,504,167762
60275,2483,716403
55598,,
55323,1067,476438
30121,,
70113,,
90079,1120,474031
30015,126,238954
40198,23,38165
40279,73,40000
55458,,
70085,,
44975,,
20967,407,981771
55632,,
55559,,
70087,,
22953,,
50039,816,189591
55358,,
41154,,
41084,,
70269,,
70125,,
40100,4049,106512
77086,,
31048,,
50024,331,430591
70123,,
50343,,
88283,,
77085,,
70253,,
30075,1948,1031890
44939,,
80275,,
50186,67,113532
90307,18,42150
55335,,
50324,,
70141,,
66334,,
50200,72,118747
40027,3840,4052996
20957,,
60086,65,86209
40217,512,153649
10169,,
50546,15,33866
41008,,
91029,3484,27335
41058,,
90197,20,93000
10096,29,55500
04R08,,
41187,,
50338,,
50280,304,70002
70168,,
50274,,
60118,90,98103
30011,25,69608
50565,54,55772
40073,1248,233424
70235,184,236373
30115,,
40014,80,124940
41168,,
80287,,
50093,405,100866
50510,,
60186,981,384304
40257,25,111954
70053,1836,133834
99394,,
44955,,
66337,,
55530,,
88140,3563,8645
66308,,
50169,,
55659,,
55541,,
50157,467,394803
10155,,
80107,10,40948
31012,,
40977,,
91092,73,150242
50501,,
55567,,
41066,,
60143,,
90246,8,20330
55579,,
00411,,
30190,,
A0013,6900,7100000
99406,,
50248,,
80007,39,113460
50298,,
44926,,
90013,346,1903198
41136,,
41196,,
90272,15,22822
60167,,
50060,41,136289
55664,,
40044,135,205764
41019,,
20188,244,7706403
90254,6,79190
50453,,
00010,,
50560,2,14000
90256,17,107337
50365,,
41177,,
00450,,
80303,17,47759
55377,,
50507,,
41050,216,143696
20145,152,105602
60013,39,57755
90290,25,18261
90149,40,54379
00095,,
44950,,
90288,11,62942
55433,,
11236,,
99448,,
88226,,
00426,,
30137,,
00391,,
40252,35,66223
30177,1433,537169
55522,,
40138,220,935454
90161,18,66432
20210,461,510981
44913,75,9014
70198,,
22959,,
41029,,
40234,40,79650
50332,,
00336,,
10174,9614,643000
50540,20,10000
20983,,
10003,664,2682227
80224,,
50447,,
91088,,
55391,,
40274,8,32000
50249,,
44976,,
99468,,
41085,,
41157,49,30858
60211,,
22945,,
50281,,
00364,,
60159,,
60128,,
04R09,,
55361,,
70267,,
11140,,
50201,304,78168
40956,,
00298,,
30078,833,1614197
40094,149,701366
55660,,
88299,,
99322,,
50009,25,66816
55455,,
00457,,
50410,,
30051,285,1062061
31035,8426,395300
99459,,
40915,,
40002,104,192648
80167,414,749350
41149,,
20998,,
50364,,
70251,,
80218,,
66182,,
31002,,
50352,,
60257,,
70108,,
70162,,
30025,145,214437
55642,,
30997,,
50557,38,107149
55413,,
22946,,
90089,390,478152
60120,,
55586,,
55564,,
70073,,
50043,236,179810
77091,,
66328,,
60235,,
50394,,
88287,,
41065,,
50036,608,329010
30131,154,94728
66224,,
90217,21,83897
60026,31,47906
55346,,
55311,3,21692
80253,,
90182,28,4336475
31045,,
41099,,
70258,,
44971,,
30071,16,159200
55491,,
03R02,,
40023,25,206303
91053,,
00317,,
50358,,
30201,81,585708
40209,392,54446
55605,,
50241,,
70216,,
80296,,
20165,27,16953
41199,572,358704
31008,,
55548,,
50161,235,91503
41038,,
80206,,
70002,237,656462
50561,1,10644
41180,,
41024,,
40018,269,715885
30007,43,132259
44965,,
50431,,
50132,14,27000
88164,,
88225,,
50208,516,83494
90238,50,53041
50399,,
40063,1015,653703
70242,,
50496,,
50506,,
99364,,
50405,,
50308,,
80269,452,178000
99424,36,228251
90039,43,529532
50164,252,76755
70049,2185,564324
A0018,,
80121,,
55614,,
50090,72,73140
44943,,
31017,,
55373,,
60173,,
50522,153,94296
99437,,
70165,,
80003,45,173588
50020,25,58662
60114,981,464887
90017,51,174890
80235,13,57494
41130,,
41115,,
20958,114,14827
41023,,
00432,,
40929,,
80298,51,141400
60208,,
80285,2500,2991231
40040,1807,1285641
90001,129,408550
55572,,
00016,31,61598
60134,454,604068
00374,,
60189,,
41044,,
91110,,
60009,59,254042
30096,1031,181696
50371,,
99453,,
91023,,
60256,11100,117142
80263,,
55234,,
90259,9,49578
50118,3947,8615017
55429,,
55434,,
60181,,
00051,20,22397
40131,500,167609
70202,,
70018,26,75671
20075,16,159726
91007,,
22966,,
30165,,
55527,,
50327,,
55326,,
80018,,
50491,,
00379,,
50255,,
90155,30,102526
90999,30,42660
50379,,
00291,,
55665,,
00373,234,151487
11153,,
07R01,,
60196,791,137048
91066,,
50234,,
00330,23,37000
08R04,,
50031,1074,3424477
40151,42,38486
00003,292,575963
70116,,
55591,,
41165,,
40961,,
50108,35,66311
10017,317,770559
90093,100,182152
90265,10,201889
88282,,
91014,,
30990,28,65282
55551,,
11246,9616,647064
70120,,
40169,392,817550
01R02,,
60241,,
22978,,
10147,,
55407,,
99474,,
40943,792,216000
30057,2092,3554425
50534,36,98246
31021,,
60261,,
40112,77,320967
55426,,
55650,,
41121,,
66158,0,0
90315,22,90706
44986,,
50194,281,53448
20178,350,175883
41094,,
80016,69,119423
50415,,
30083,438,1150833
41144,,
80142,,
50014,,
31040,,
80190,,
80152,,
91074,,
55366,,
66267,,
50476,,
70134,,
41083,,
60040,110,125182
44983,,
90171,89,294090
70100,,
55315,,
30036,38,85755
40984,,
90213,14,58489
50012,289,744901
40124,36,48761
40156,222,88300
30124,,
77078,,
60203,,
80171,,
88216,,
31028,,
40036,668,292198
40278,12,21613
55448,,
40948,,
A0028,,
66345,,
00436,,
70152,,
70035,135,384054
40923,,
50183,16,34627
60072,3253,467570
10128,116,238853
44947,,
90293,16,110212
55350,,
20200,222,508932
60208,,
40999,557,156746
40087,93,283506
55442,,
50468,,
50141,3,92477
30196,,
55532,,
80160,,
20215,17,25290
90233,78,203881
70079,903,195413
30003,14,39979
44958,,
55521,,
70223,,
20226,776,3658455
80126,,
A0022,380,282013
55387,,
55411,,
60151,,
88293,,
41184,71,97497
70182,,
70205,,
60229,0,0
70045,613,152854
90022,37,637365
90281,5,66228
50051,74,134333
40191,930,142404
00423,,
50436,,
00041,266,352701
50176,19,64769
00401,,
90005,,
55513,,
10015,19,46052
50518,83,132424
60108,1703,4888913
00058,11,101220
40233,23,41645
00416,5,29260
40078,210,776743
10064,843,603790
00239,,
90044,11,56697
60222,,
50212,51,42803
50568,5,14000
90299,2596,738668
30108,346,102383
00441,,
40005,45,95053
10121,,
00020,396,254183
55617,,
20939,,
A0011,1074,3424477
50297,,
88194,,
00403,,
80106,56,143986
55331,,
20082,372,8804190
40055,33,27854
70189,,
30155,,
30122,,
44970,,
40185,758,190769
30089,293,105822
40921,,
41009,,
90291,8,99578
20213,,
41051,,
40010,45,82653
00454,,
60094,42,91247
20187,2,41857
60249,,
99449,,
70138,26,74950
40054,44,73337
60019,235,661629
00025,78,309881
55314,,
55556,,
50319,,
00057,78,156297
91071,,
91069,,
40218,,
44932,12,72372
88200,,
90201,22,79203
99434,,
70099,,
40123,27,45369
55319,,
80271,,
80129,,
55519,,
55354,,
60111,990,982474
90229,1719,148614
60208,,
88134,,
90003,80,867725
50318,,
40074,747,584067
40261,8,36839
40193,37,53107
30114,,
40028,820,840698
30116,,
10112,14,26840
50502,,
91098,,
40989,,
50339,,
00143,,
00354,,
55568,,
55414,,
80135,,
90279,18,198052
60160,,
50484,,
91114,,
44931,,
10069,53,265612
01R01,,
90257,13,22928
50149,90,176300
50059,175,167405
30069,,
50442,,
99292,,
10006,289,308614
70011,26,60140
00030,,
20201,678,154152
31001,,
50370,,
70057,5,50580
00287,,
20160,89,324278
44951,,
50458,,
00015,,
70105,,
55558,,
55374,,
20940,,
40959,,
20113,298,674800
00103,,
70133,50155,3698562
30107,12,60547
60224,,
70269,,
55420,,
10149,206,73078
70224,,
A0005,28,209877
50171,19,49167
70246,,
50293,,
50227,,
30178,,
40144,425,203136
00397,,
90303,2554,277350
40030,106,199300
55676,,
22958,,
55336,,
55449,,
41127,,
41188,,
50103,499,254302
60204,,
50253,,
00064,25,47390
80196,,
91010,,
91004,,
20975,1124,181670
60259,,
41172,,
10182,10,24237
90269,25,23159
70064,,
55534,,
41170,,
06R05,,
80221,,
60048,549,1387423
40941,,
88294,,
40167,78,145700
00442,,
80173,,
50154,2785,2849712
40021,17,84844
50413,813,117539
80255,,
40976,,
55339,,
50057,46,120378
90009,97,764442
70044,15,94930
80006,2342,3098079
70260,,
50275,,
11165,,
55380,,
30055,173,96432
00307,,
00414,,
31038,,
80304,,
40110,232,404900
41017,,
30164,,
50022,238,429500
77087,,
66176,,
80009,70,76955
70250,,
88176,,
00449,,
50038,120,237932
90285,16,37636
66343,39,68580
40913,,
20193,322,302295
90235,,
00430,,
40199,28,35806
00342,,
31047,,
88227,,
55661,,
50344,,
50188,,
80259,,
04R03,,
70047,152,167046
90165,167,415154
70143,,
66218,,
10053,93,60184
70126,,
80116,,
90136,503,2429968
80162,,
60038,49,249750
40140,1997,404310
90159,20,64925
80170,,
44907,,
50547,6,81004
55582,,
41057,,
20209,302,324194
91038,,
00303,,
50490,,
A0024,,
41113,,
40058,32,37713
50274,,
66283,175,246198
20085,179,300173
70186,,
50562,5,23604
41030,,
41037,,
70215,,
60115,1855,167246
70171,,
50446,,
55258,,
70233,,
05R05,,
50511,,
20003,706,198963
20947,,
00297,4295,256643
30094,17,53375
00008,376,1512100
55436,,
90222,9189,1080300
44956,,
08R05,,
66338,,
99382,,
55540,,
40060,43,51084
10156,,
22980,,
40270,135,227942
00047,14,67306
31011,,
41106,,
55574,,
20925,,
99445,,
91094,,
00320,,
30192,511,50380
10135,,
44928,,
80109,461,2887496
10049,197,451486
55400,,
A0014,,
01R06,,
50544,32,152934
30149,,
99462,,
50301,,
50386,,
70109,,
60165,,
50221,,
40241,30,141191
50002,62,181036
40280,3,34459
55372,,
70086,,
20999,,
99262,,
40175,179,686461
70088,,
20143,47,31985
60012,99,197594
50422,,
22954,,
60215,,
91107,,
41155,,
90151,2291,8341002
30987,,
90309,6,29806
40101,40,37013
50263,,
90052,39,160238
90086,82,320785
11158,,
40235,183,205414
20010,173,295911
50527,46,86000
30076,65,81100
70255,,
70006,558,1563103
30045,2719,283142
77084,,
90140,181,202183
40182,30,75293
00326,,
30174,,
66333,,
10167,,
55330,,
60199,,
91052,,
70197,,
70191,,
55601,,
55447,,
30138,,
00389,,
40162,22,86895
60081,44,80445
03R03,,
44978,,
40045,171,136487
80202,,
30200,10,18545
91008,,
00312,,
55673,,
22937,,
40224,657,275901
40017,284,295803
30012,688,133472
00279,,
07R04,,
09R05,,
80154,,
55634,,
50242,36,42075
91061,20,5843
90032,520,1650070
41086,162,70000
40907,,
44964,,
40997,,
99465,,
30206,5619,1544476
40935,,
50272,,
50526,,
40120,62,86589
88278,,
50409,,
70220,,
90173,310,136957
40971,,
41077,,
70181,,
90215,26,58639
50202,,
70209,,
88289,,
31034,,
00410,,
00463,,
50004,36,80201
50307,,
80225,,
00333,14,42230
10176,,
70273,,
99419,,
20968,175,351997
40955,,
41131,,
60142,,
90273,7,63387
A0030,,
55600,,
41197,,
90014,364,1586454
55398,,
40931,,
40001,289,187030
30013,77,189872
44987,,
91032,,
41022,,
66152,,
80166,,
50027,468,1669091
00375,,
55641,,
50330,,
80189,,
60107,5754,320535
20179,132,249175
80013,27,57561
50427,,
77092,,
90289,5,54908
80140,,
50567,35,56836
55412,,
70124,,
40990,,
70072,,
50042,11,26370
40117,46,54414
90200,55,85025
40194,52,71264
99358,,
60253,,
91022,,
30996,,
41107,,
88286,,
40011,95,116065
50117,627,326867
80262,,
41138,285,137133
10061,624,231493
50392,,
50494,,
90119,9,23190
40251,35,166611
66236,,
40132,35,36303
55345,,
70016,61,126853
20954,,
40273,1015,606612
60271,,
80017,,
41064,698,99727
50003,27,99894
04R07,,
30173,,
20169,353,194009
41025,1050,150448
10140,439,164245
70219,,
00382,,
41198,58,105192
50284,,
91082,,
30090,62,194123
55547,,
90031,2500,1909017
70167,,
41042,,
91002,,
50382,,
90154,4632,10287086
60209,,
10130,81,203562
50430,,
88224,,
66309,,
05R01,,
00004,,
55441,,
80125,,
50133,12,14731
50450,,
70241,,
10040,156,167885
40227,762,207298
41183,,
22971,,
70052,546,62097
20932,,
70116,,
20227,62,30743
08R01,,
00301,,
31016,,
55406,,
40944,,
00424,,
90255,6,34484
60172,,
00043,197,122915
55581,,
60276,4,26656
99458,,
31023,,
80299,100,752000
50533,48,47042
60208,,
50350,,
20988,,
41150,,
55325,,
60258,,
40041,418,1127178
60135,,
41092,3256,294590
70158,,
22948,,
31041,,
91113,,
50556,73,3500
55585,,
55365,,
90090,109,528880
66282,,
50217,,
60008,1309,4038849
20216,62,166160
55525,,
44982,,
66327,,
50032,637,406211
50037,57,94036
30130,133,237644
00419,,
30040,20,97649
40972,,
90216,551,2083464
50416,,
40158,71,97497
70259,,
91059,906,155249
70201,456,118785
31046,,
90196,169,402940
80252,,
30072,18,95628
60070,,
50359,,
40950,2897,525455
60234,,
20080,5325,8464944
10002,235,248263
99469,,
80294,,
55393,,
50182,1325,4635858
70001,99,294757
70148,,
44946,,
31009,,
01R07,,
22944,,
80205,,
00341,,
40176,,
50466,,
41156,,
40086,198,1176968
90147,465,4849476
60195,,
30194,,
30008,72,80846
90243,54,178200
70115,,
40963,,
50265,640,418408
11152,,
00363,1871,421000
50424,,
77063,,
44957,,
99425,61,252880
41068,571,131439
70185,,
88304,,
90036,435,2860175
60150,,
11235,,
40095,35,84554
30077,34,54000
A0017,,
41002,,
20959,142,50269
50008,241,914332
40190,6563,1176033
40208,94,42791
50521,89,69764
00458,,
00398,,
41114,648,101501
88128,,
90002,277,1016508
55649,,
50517,36,71618
40128,183,211668
55514,,
55571,,
70232,,
00063,,
30023,440,168215
40029,410,2200561
30081,516,420959
41045,,
55539,,
30117,,
40232,110,320753
90278,36,24798
40006,112,191698
50478,,
00231,,
99454,,
55228,,
31000,,
60154,,
80134,,
41082,,
10119,51,79000
00021,776,237806
41143,,
40255,,
90211,50,358000
40022,605,1742072
10086,368,167231
55310,,
80028,33,117065
44972,,
50058,156,277458
00404,,
60264,,
55480,,
50336,,
40024,132,230208
70103,,
40277,11,33463
20202,,
41005,,
00316,,
50538,5,25000
70032,39,71362
60208,,
55276,,
90026,902,2269953
10173,,
55349,,
90296,13,36700
60127,,
40985,,
50142,13,25273
40064,3250,228376
90234,520,262321
88158,,
50290,,
70078,,
55552,,
91121,,
55520,,
80151,,
50165,425,172347
80120,,
90284,2,27748
50497,,
20196,,
50088,23,59490
99436,,
50437,,
70056,1430,67380
10014,866,578732
41179,,
10145,,
A0001,,
99473,,
99328,,
41033,,
90251,7,76056
55425,,
90314,982,2420608
00065,675,96017
41120,,
50454,,
90004,149,554569
00280,,
00464,,
31039,,
66271,,
55563,,
60192,25887,153937
55430,,
70137,,
80217,,
50376,,
70063,,
55590,,
50211,,
50400,,
55338,,
90250,9,48676
00437,,
40150,19,24650
00443,,
10177,,
50015,458,1264817
90262,1,24103
50013,,
20935,,
00019,101,206183
41098,,
30123,2777,186722
20072,911,1523170
40035,2864,2456081
22964,,
60004,,
40214,361,225791
55557,,
80180,,
50160,431,138727
50095,49,127025
20969,,
77077,,
70206,,
00371,,
70132,,
60183,,
70005,459,621956
50233,,
55611,,
55531,,
10197,,
60058,24,43764
41162,,
20981,,
30112,24,317779
55360,,
70266,,
50505,,
90263,13,108816
80268,,
40982,,
88281,,
90041,151,361624
A0021,,
40172,1665,372155
55385,,
60243,,
11245,,
44942,,
50552,21,22065
50193,2562,10041771
55454,,
50050,396,969466
50258,,
31003,,
80238,,
50052,68,154346
80002,65,192517
30068,407,1172646
40924,,
00035,1945,3919300
90230,2517,9402441
60260,1945,222321
50340,,
50277,,
70173,,
60116,878,859064
80155,,
80289,,
40077,32,156313
50513,,
55535,,
10183,2100,329344
60049,55,120316
55653,,
50152,22,35037
99376,,
88296,,
66335,,
40020,21,60011
44953,20,198
80174,,
50503,,
60184,,
31019,,
55575,,
41078,,
55415,,
80110,7243,220414
30184,,
88279,,
50053,18,59614
00409,,
50191,7945,1480578
50274,2975,2849712
70210,,
80005,131,417875
30151,60,80508
60146,,
99422,1426,784298
70040,105,115490
50438,,
60169,0,0
70263,,
41119,,
90274,49,12358
50462,,
90015,49,843071
40244,808,356698
55515,,
00014,,
50369,,
50459,,
40046,596,541885
00291,,
00435,,
41174,,
41013,1475,50082
44952,,
20128,2898,5443000
88116,,
55375,,
55570,,
99450,,
90286,8,61828
41052,,
90292,3,25611
55431,,
60225,,
10151,,
20941,,
30106,4720,8513936
50294,,
30140,,
A0009,,
60016,41,82731
91099,,
50174,34,88517
30183,,
99433,,
00396,,
22957,,
00055,32,90132
70196,,
40262,36,105691
90020,57,210200
40237,555,103966
50104,1970,1060840
41031,,
55316,,
99456,,
99466,,
60126,,
80186,,
40221,356,224529
91012,,
50360,,
60208,,
09R04,,
20974,,
05R06,,
55635,,
80222,,
30207,92,67938
90142,11,70827
60097,37,99940
50232,,
55351,,
20946,,
77094,,
41160,,
80260,,
66248,,
50408,,
60244,,
00321,,
91116,,
50007,,
60161,,
20004,336,809275
30080,26,234200
40954,6415,417789
55394,,
30054,92,104135
99476,,
90258,19,95558
50523,,
00308,,
60136,,
22936,,
00R04,,
99461,,
99310,,
31037,,
55594,,
44973,,
66170,,
50238,,
55628,,
60090,4645,1162453
70248,,
41010,,
55648,,
40004,504,703953
40920,137,503506
30022,775,1238090
70106,,
30118,144,153600
77089,,
22955,,
55356,,
50349,,
70127,,
50481,,
90087,34,150201
70269,,
40102,1244,406336
55553,,
50045,38,102746
40469,,
70121,,
04R02,,
44934,,
90310,124,332441
50396,,
80272,,
00327,25,53444
70096,,
50016,336,1413698
66332,,
41055,,
50321,,
70243,,
77083,,
50548,37,72426
50198,425,183512
20018,510,641357
40220,652,184554
70139,,
50401,,
90167,21,69289
60001,74,200393
60620,,
90206,380,282013
91041,,
55450,,
91072,89,8000
55583,,
40122,40,48594
A0026,,
41190,,
60205,,
50180,565,196757
90030,354,1011493
50563,6,10826
55348,,
80199,,
50244,,
30129,398,603441
50145,80,62576
40016,17,23540
90270,9,15500
40993,,
40178,7505,1978890
50314,84,212492
90033,335,788356
55435,,
40996,,
30009,7,72650
70066,4149,314038
70203,,
70076,,
70214,,
80124,,
10157,,
50429,,
50266,,
40908,,
66301,,
40082,201,142224
55379,,
99444,,
55340,,
99442,,
70221,,
00048,17,54798
70180,,
60062,18,93949
70012,40,95097
80150,,
88290,,
10137,,
41133,441,146158
88219,,
00029,257,920344
50464,,
50434,,
40974,,
41182,28,18883
10005,282,370594
00413,,
31015,,
11166,,
99250,,
20149,2898,1246231
91106,43,71022
55329,,
00448,,
60208,298,297811
55493,,
00111,0,0
60217,,
00343,,
30989,25,51160
55662,,
20183,21,30486
90078,274,627597
00429,,
80182,25,34000
00387,,
50113,3519,5700036
91020,,
55602,,
50489,,
70007,22,39107
40053,94,202390
20208,833,449772
40143,59,180010
40133,52,248111
88201,,
80163,,
00026,63,2539
41035,,
50528,5,18609
70048,38,96207
70192,,
80130,,
80203,,
60208,,
00009,,
55672,,
00296,,
41088,225,251283
50445,,
55399,,
66188,,
80117,,
80256,,
91062,,
30095,362,146164
91080,,
10107,24,52759
00358,,
00135,,
40934,,
20096,98,62901
06R04,,
A0031,,
80137,18,36682
60238,,
20924,,
22981,,
90175,16,68532
55549,,
01R04,,
31033,,
50204,,
80227,,
50387,,
40952,,
70274,30,55099
50223,,
70111,,
90012,1392,793229
60273,226,539192
55419,,
50021,487,161791
41151,,
21000,,
80010,36,139706
70058,,
90237,,
70089,16,8000
50041,45,55076
55300,,
40108,1520,1924805
10050,102,362408
20120,57,61090
50473,,
40912,,
55364,,
A0020,,
66344,,
66276,15355,157849
40201,28,89554
31050,,
70144,,
11160,2099,5047998
60035,71,102691
70225,,
60233,,
50224,,
70256,,
90305,32,48200
30073,730,2415555
80278,,
50391,,
50389,,
90134,425,3632769
41001,,
60200,,
91048,,
30048,251,321113
60208,,
00304,,
41108,,
40034,306,2701767
03R04,,
44977,,
55313,,
80169,,
40163,5,27000
10099,651,214591
42001,,
60080,57,82939
60208,,
70030,36,44524
66348,,
70130,,
70187,,
44945,,
00405,,
80026,47,94600
10131,,
50274,2975,2849712
41041,,
70218,,
30199,624,87333
55344,,
66312,,
40093,139,301115
50471,,
55543,,
70240,,
88152,,
90241,727,78477
20942,,
10153,,
55440,,
50185,,
50551,6,27331
60148,915,929543
80119,,
55384,,
70051,579,82899
88223,,
70184,,
20229,,
40204,5415,1141280
20197,,
00044,760,118568
90283,10,34668
40979,,
41178,,
00425,,
40206,2800,264203
10013,225,398382
90024,8,46909
00399,,
50066,282,3200664
70147,,
00034,78,180555
50516,35,80762
50329,,
00075,,
55324,53,25000
40184,15,72294
88182,,
50566,19,78723
50305,,
90050,50,126356
20192,247,965856
60011,1210,1940756
91112,,
90301,10,82496
40231,526,166493
00453,,
60208,,
50215,631,100420
60191,,
50493,,
00444,,
00022,5460,175045
44963,,
55378,,
20212,438,129777
50131,590,173215
40147,9,46000
60251,0,0
40250,4,36924
55524,,
10051,124,154855
91028,,
40248,2,2004
50433,,
20078,527,6503894
30162,,
40057,59,68205
30091,36,71014
90157,1621,11638106
10137,,
50383,,
55670,,
02R01,,
91001,,
91090,,
10172,,
00332,,
07R03,,
08R02,,
00005,34,111180
10118,438,355287
70114,,
00369,,
40938,,
40164,7,36993
60194,,
00383,,
50283,,
50230,,
11147,10,78813
55593,,
50449,,
55359,,
77069,,
70094,,
22974,,
10042,58,88770
11243,,
00300,,
40171,282,434938
00459,,
90313,87,445954
20931,,
50257,,
55405,,
60277,,
90008,69,1022273
50532,256,100092
90267,5,58822
44988,,
40909,,
20991,,
50346,,
40115,25,127244
80164,,
41124,,
55562,,
31030,,
80014,56,82418
41091,365,1268782
50196,54,45357
55424,,
20182,52,12187
50026,26,51118
A0032,,
66270,,
80144,,
90277,42,284527
60033,126,235305
40195,6,35000
70136,,
40991,,
30994,,
91078,3,7200
50425,,
90095,4207,3316192
30041,,
41137,,
60237,,
40012,134,254987
40038,195,258153
77080,,
90219,29,79802
44981,,
40986,,
60208,,
50274,,
60270,841,1064465
55309,,
00315,,
90194,25,30418
91058,4,7628
40159,750,1583115
10087,250,187804
40276,35,55765
55474,,
88285,,
05R02,,
40951,,
20203,251,95263
41173,,
60112,143,98704
20175,71,2465326
30203,1,211
80001,607,2539272
40213,139,58805
40047,47,127358
40068,3250,235793
50096,43,141642
80293,,
70163,,
41027,459,108901
70004,,
70055,10,26666
91103,,
50274,,
90295,15,84143
20973,510,641357
55610,,
60179,1013,865657
10178,14,14383
44941,,
55608,,
50159,26,66010
80181,,
50166,452,208601
30111,861,209349
44968,,
20217,1215,9908805
91095,,
50499,,
40238,12,61361
99426,,
90042,88,816700
A0016,100,182152
50313,442,106179
80267,2386,110841
50504,,
30141,53,4681
50303,,
50555,36,114000
70195,,
41069,,
30034,2560,7811145
80237,,
60176,861,685345
31005,,
50520,,
50276,,
20960,,
90019,291,1364200
40925,,
41032,,
50455,,
60103,861,822779
40042,186,541852
40188,132,87146
80301,,
00376,1192,1415800
00061,36,123730
00018,624,287689
60105,35,37930
00420,,
00R01,,
88228,,
40226,,
55282,,
55427,,
00282,248,409271
55222,,
90249,1,3801
99455,,
41021,,
00223,,
60015,32,50307
50375,,
41046,,
00438,,
50210,,
10057,45,118325
60059,74,132500
40007,125,474069
80265,,
60022,211,367124
90261,8,51268
20937,,
40254,9,70964
50461,,
50335,,
70200,,
55320,,
44925,,
22962,,
80020,18,64610
20071,93,204127
30172,,
70015,164,395745
00311,,
00340,,
50252,,
10001,1143,1048319
91005,181,144484
10162,,
22942,,
90226,425,179476
99470,,
90163,20,72974
40166,47,72447
50237,,
10184,98,445980
00362,80,48000
70265,,
55355,,
20980,,
60130,11218,607539
50289,,
40965,,
60155,,
88303,,
99472,,
11175,,
00304,,
40958,64,20608
60132,148,72176
41053,,
40945,,
70116,55,89638
55453,,
55389,,
99478,,
50011,1131,490723
66146,,
10144,,
90252,3,35731
50412,,
31024,,
50537,1,9065
30061,94,92428
60208,,
99457,17,48129
99334,,
80187,,
55652,,
60263,,
03R05,,
80188,,
70156,,
50445,,
41096,,
70228,47,61929
40126,10,17603
30087,812,136606
50354,,
04R06,,
30999,,
90091,48,171732
55538,,
60095,37,65534
40096,37,54341
31042,1107,158172
80216,,
70070,,
99352,,
77093,,
22949,,
41167,,
70102,,
50033,155,621711
50397,,
55589,,
66324,,
66242,,
30135,,
50418,,
80249,,
22956,,
20953,,
41142,,
20005,411,84148
40025,331,303655
06R01,,
60089,56,110490
40272,10,10000
70081,,
00322,,
90199,16,66225
41062,,
50355,,
60005,,
41006,,
91035,,
